"REF_DATE","GEO","DGUID","Type of dairy product","Type of disappearance of dairy products","UOM","UOM_ID","SCALAR_FACTOR","SCALAR_ID","VECTOR","COORDINATE","VALUE","STATUS","SYMBOL","TERMINATED","DECIMALS"
"1920","Canada","","Total dairy products","Total domestic disappearance","Kilolitres","195","units ","0","v72554","1.1.1","3661870","","","","0"
"1920","Canada","","Total dairy products","Per capita domestic disappearance","Litres","203","units ","0","v72560","1.1.2","427.99","","","","2"
"1920","Canada","","Fluid products","Total domestic disappearance","Kilolitres","195","units ","0","v72555","1.2.1","1367514","","","","0"
"1920","Canada","","Fluid products","Per capita domestic disappearance","Litres","203","units ","0","v72561","1.2.2","159.83","","","","2"
"1920","Canada","","Butter","Total domestic disappearance","Kilolitres","195","units ","0","v72556","1.3.1","2101224","","","","0"
"1920","Canada","","Butter","Per capita domestic disappearance","Litres","203","units ","0","v72562","1.3.2","245.58","","","","2"
"1920","Canada","","Cheese","Total domestic disappearance","Kilolitres","195","units ","0","v72557","1.4.1","115568","","","","0"
"1920","Canada","","Cheese","Per capita domestic disappearance","Litres","203","units ","0","v72563","1.4.2","13.51","","","","2"
"1920","Canada","","Concentrated whole milk products","Total domestic disappearance","Kilolitres","195","units ","0","v72558","1.5.1","37589","","","","0"
"1920","Canada","","Concentrated whole milk products","Per capita domestic disappearance","Litres","203","units ","0","v72564","1.5.2","4.39","","","","2"
"1920","Canada","","Ice cream","Total domestic disappearance","Kilolitres","195","units ","0","v72559","1.6.1","39974","","","","0"
"1920","Canada","","Ice cream","Per capita domestic disappearance","Litres","203","units ","0","v72565","1.6.2","4.67","","","","2"
"1921","Canada","","Total dairy products","Total domestic disappearance","Kilolitres","195","units ","0","v72554","1.1.1","4081467","","","","0"
"1921","Canada","","Total dairy products","Per capita domestic disappearance","Litres","203","units ","0","v72560","1.1.2","464.42","","","","2"
"1921","Canada","","Fluid products","Total domestic disappearance","Kilolitres","195","units ","0","v72555","1.2.1","1481316","","","","0"
"1921","Canada","","Fluid products","Per capita domestic disappearance","Litres","203","units ","0","v72561","1.2.2","168.56","","","","2"
"1921","Canada","","Butter","Total domestic disappearance","Kilolitres","195","units ","0","v72556","1.3.1","2413403","","","","0"
"1921","Canada","","Butter","Per capita domestic disappearance","Litres","203","units ","0","v72562","1.3.2","274.62","","","","2"
"1921","Canada","","Cheese","Total domestic disappearance","Kilolitres","195","units ","0","v72557","1.4.1","109045","","","","0"
"1921","Canada","","Cheese","Per capita domestic disappearance","Litres","203","units ","0","v72563","1.4.2","12.41","","","","2"
"1921","Canada","","Concentrated whole milk products","Total domestic disappearance","Kilolitres","195","units ","0","v72558","1.5.1","39979","","","","0"
"1921","Canada","","Concentrated whole milk products","Per capita domestic disappearance","Litres","203","units ","0","v72564","1.5.2","4.55","","","","2"
"1921","Canada","","Ice cream","Total domestic disappearance","Kilolitres","195","units ","0","v72559","1.6.1","37725","","","","0"
"1921","Canada","","Ice cream","Per capita domestic disappearance","Litres","203","units ","0","v72565","1.6.2","4.29","","","","2"
"1922","Canada","","Total dairy products","Total domestic disappearance","Kilolitres","195","units ","0","v72554","1.1.1","4204632","","","","0"
"1922","Canada","","Total dairy products","Per capita domestic disappearance","Litres","203","units ","0","v72560","1.1.2","471.42","","","","2"
"1922","Canada","","Fluid products","Total domestic disappearance","Kilolitres","195","units ","0","v72555","1.2.1","1508980","","","","0"
"1922","Canada","","Fluid products","Per capita domestic disappearance","Litres","203","units ","0","v72561","1.2.2","169.19","","","","2"
"1922","Canada","","Butter","Total domestic disappearance","Kilolitres","195","units ","0","v72556","1.3.1","2491574","","","","0"
"1922","Canada","","Butter","Per capita domestic disappearance","Litres","203","units ","0","v72562","1.3.2","279.36","","","","2"
"1922","Canada","","Cheese","Total domestic disappearance","Kilolitres","195","units ","0","v72557","1.4.1","134637","","","","0"
"1922","Canada","","Cheese","Per capita domestic disappearance","Litres","203","units ","0","v72563","1.4.2","15.10","","","","2"
"1922","Canada","","Concentrated whole milk products","Total domestic disappearance","Kilolitres","195","units ","0","v72558","1.5.1","36282","","","","0"
"1922","Canada","","Concentrated whole milk products","Per capita domestic disappearance","Litres","203","units ","0","v72564","1.5.2","4.07","","","","2"
"1922","Canada","","Ice cream","Total domestic disappearance","Kilolitres","195","units ","0","v72559","1.6.1","33157","","","","0"
"1922","Canada","","Ice cream","Per capita domestic disappearance","Litres","203","units ","0","v72565","1.6.2","3.72","","","","2"
"1923","Canada","","Total dairy products","Total domestic disappearance","Kilolitres","195","units ","0","v72554","1.1.1","4502264","","","","0"
"1923","Canada","","Total dairy products","Per capita domestic disappearance","Litres","203","units ","0","v72560","1.1.2","499.69","","","","2"
"1923","Canada","","Fluid products","Total domestic disappearance","Kilolitres","195","units ","0","v72555","1.2.1","1595984","","","","0"
"1923","Canada","","Fluid products","Per capita domestic disappearance","Litres","203","units ","0","v72561","1.2.2","177.13","","","","2"
"1923","Canada","","Butter","Total domestic disappearance","Kilolitres","195","units ","0","v72556","1.3.1","2691911","","","","0"
"1923","Canada","","Butter","Per capita domestic disappearance","Litres","203","units ","0","v72562","1.3.2","298.77","","","","2"
"1923","Canada","","Cheese","Total domestic disappearance","Kilolitres","195","units ","0","v72557","1.4.1","141910","","","","0"
"1923","Canada","","Cheese","Per capita domestic disappearance","Litres","203","units ","0","v72563","1.4.2","15.75","","","","2"
"1923","Canada","","Concentrated whole milk products","Total domestic disappearance","Kilolitres","195","units ","0","v72558","1.5.1","33613","","","","0"
"1923","Canada","","Concentrated whole milk products","Per capita domestic disappearance","Litres","203","units ","0","v72564","1.5.2","3.73","","","","2"
"1923","Canada","","Ice cream","Total domestic disappearance","Kilolitres","195","units ","0","v72559","1.6.1","38846","","","","0"
"1923","Canada","","Ice cream","Per capita domestic disappearance","Litres","203","units ","0","v72565","1.6.2","4.31","","","","2"
"1924","Canada","","Total dairy products","Total domestic disappearance","Kilolitres","195","units ","0","v72554","1.1.1","4536668","","","","0"
"1924","Canada","","Total dairy products","Per capita domestic disappearance","Litres","203","units ","0","v72560","1.1.2","496.19","","","","2"
"1924","Canada","","Fluid products","Total domestic disappearance","Kilolitres","195","units ","0","v72555","1.2.1","1636924","","","","0"
"1924","Canada","","Fluid products","Per capita domestic disappearance","Litres","203","units ","0","v72561","1.2.2","179.04","","","","2"
"1924","Canada","","Butter","Total domestic disappearance","Kilolitres","195","units ","0","v72556","1.3.1","2676906","","","","0"
"1924","Canada","","Butter","Per capita domestic disappearance","Litres","203","units ","0","v72562","1.3.2","292.78","","","","2"
"1924","Canada","","Cheese","Total domestic disappearance","Kilolitres","195","units ","0","v72557","1.4.1","145939","","","","0"
"1924","Canada","","Cheese","Per capita domestic disappearance","Litres","203","units ","0","v72563","1.4.2","15.96","","","","2"
"1924","Canada","","Concentrated whole milk products","Total domestic disappearance","Kilolitres","195","units ","0","v72558","1.5.1","38870","","","","0"
"1924","Canada","","Concentrated whole milk products","Per capita domestic disappearance","Litres","203","units ","0","v72564","1.5.2","4.25","","","","2"
"1924","Canada","","Ice cream","Total domestic disappearance","Kilolitres","195","units ","0","v72559","1.6.1","38029","","","","0"
"1924","Canada","","Ice cream","Per capita domestic disappearance","Litres","203","units ","0","v72565","1.6.2","4.16","","","","2"
"1925","Canada","","Total dairy products","Total domestic disappearance","Kilolitres","195","units ","0","v72554","1.1.1","4689342","","","","0"
"1925","Canada","","Total dairy products","Per capita domestic disappearance","Litres","203","units ","0","v72560","1.1.2","504.55","","","","2"
"1925","Canada","","Fluid products","Total domestic disappearance","Kilolitres","195","units ","0","v72555","1.2.1","1728178","","","","0"
"1925","Canada","","Fluid products","Per capita domestic disappearance","Litres","203","units ","0","v72561","1.2.2","185.95","","","","2"
"1925","Canada","","Butter","Total domestic disappearance","Kilolitres","195","units ","0","v72556","1.3.1","2706235","","","","0"
"1925","Canada","","Butter","Per capita domestic disappearance","Litres","203","units ","0","v72562","1.3.2","291.18","","","","2"
"1925","Canada","","Cheese","Total domestic disappearance","Kilolitres","195","units ","0","v72557","1.4.1","171830","","","","0"
"1925","Canada","","Cheese","Per capita domestic disappearance","Litres","203","units ","0","v72563","1.4.2","18.49","","","","2"
"1925","Canada","","Concentrated whole milk products","Total domestic disappearance","Kilolitres","195","units ","0","v72558","1.5.1","42294","","","","0"
"1925","Canada","","Concentrated whole milk products","Per capita domestic disappearance","Litres","203","units ","0","v72564","1.5.2","4.55","","","","2"
"1925","Canada","","Ice cream","Total domestic disappearance","Kilolitres","195","units ","0","v72559","1.6.1","40805","","","","0"
"1925","Canada","","Ice cream","Per capita domestic disappearance","Litres","203","units ","0","v72565","1.6.2","4.39","","","","2"
"1926","Canada","","Total dairy products","Total domestic disappearance","Kilolitres","195","units ","0","v72554","1.1.1","4876610","","","","0"
"1926","Canada","","Total dairy products","Per capita domestic disappearance","Litres","203","units ","0","v72560","1.1.2","516.00","","","","2"
"1926","Canada","","Fluid products","Total domestic disappearance","Kilolitres","195","units ","0","v72555","1.2.1","1736134","","","","0"
"1926","Canada","","Fluid products","Per capita domestic disappearance","Litres","203","units ","0","v72561","1.2.2","183.70","","","","2"
"1926","Canada","","Butter","Total domestic disappearance","Kilolitres","195","units ","0","v72556","1.3.1","2844612","","","","0"
"1926","Canada","","Butter","Per capita domestic disappearance","Litres","203","units ","0","v72562","1.3.2","300.99","","","","2"
"1926","Canada","","Cheese","Total domestic disappearance","Kilolitres","195","units ","0","v72557","1.4.1","201269","","","","0"
"1926","Canada","","Cheese","Per capita domestic disappearance","Litres","203","units ","0","v72563","1.4.2","21.30","","","","2"
"1926","Canada","","Concentrated whole milk products","Total domestic disappearance","Kilolitres","195","units ","0","v72558","1.5.1","46855","","","","0"
"1926","Canada","","Concentrated whole milk products","Per capita domestic disappearance","Litres","203","units ","0","v72564","1.5.2","4.96","","","","2"
"1926","Canada","","Ice cream","Total domestic disappearance","Kilolitres","195","units ","0","v72559","1.6.1","47739","","","","0"
"1926","Canada","","Ice cream","Per capita domestic disappearance","Litres","203","units ","0","v72565","1.6.2","5.05","","","","2"
"1927","Canada","","Total dairy products","Total domestic disappearance","Kilolitres","195","units ","0","v72554","1.1.1","4830193","","","","0"
"1927","Canada","","Total dairy products","Per capita domestic disappearance","Litres","203","units ","0","v72560","1.1.2","501.21","","","","2"
"1927","Canada","","Fluid products","Total domestic disappearance","Kilolitres","195","units ","0","v72555","1.2.1","1667334","","","","0"
"1927","Canada","","Fluid products","Per capita domestic disappearance","Litres","203","units ","0","v72561","1.2.2","173.01","","","","2"
"1927","Canada","","Butter","Total domestic disappearance","Kilolitres","195","units ","0","v72556","1.3.1","2890442","","","","0"
"1927","Canada","","Butter","Per capita domestic disappearance","Litres","203","units ","0","v72562","1.3.2","299.93","","","","2"
"1927","Canada","","Cheese","Total domestic disappearance","Kilolitres","195","units ","0","v72557","1.4.1","164456","","","","0"
"1927","Canada","","Cheese","Per capita domestic disappearance","Litres","203","units ","0","v72563","1.4.2","17.07","","","","2"
"1927","Canada","","Concentrated whole milk products","Total domestic disappearance","Kilolitres","195","units ","0","v72558","1.5.1","56291","","","","0"
"1927","Canada","","Concentrated whole milk products","Per capita domestic disappearance","Litres","203","units ","0","v72564","1.5.2","5.84","","","","2"
"1927","Canada","","Ice cream","Total domestic disappearance","Kilolitres","195","units ","0","v72559","1.6.1","51670","","","","0"
"1927","Canada","","Ice cream","Per capita domestic disappearance","Litres","203","units ","0","v72565","1.6.2","5.36","","","","2"
"1928","Canada","","Total dairy products","Total domestic disappearance","Kilolitres","195","units ","0","v72554","1.1.1","4929763","","","","0"
"1928","Canada","","Total dairy products","Per capita domestic disappearance","Litres","203","units ","0","v72560","1.1.2","501.25","","","","2"
"1928","Canada","","Fluid products","Total domestic disappearance","Kilolitres","195","units ","0","v72555","1.2.1","1640961","","","","0"
"1928","Canada","","Fluid products","Per capita domestic disappearance","Litres","203","units ","0","v72561","1.2.2","166.85","","","","2"
"1928","Canada","","Butter","Total domestic disappearance","Kilolitres","195","units ","0","v72556","1.3.1","2990663","","","","0"
"1928","Canada","","Butter","Per capita domestic disappearance","Litres","203","units ","0","v72562","1.3.2","304.08","","","","2"
"1928","Canada","","Cheese","Total domestic disappearance","Kilolitres","195","units ","0","v72557","1.4.1","182583","","","","0"
"1928","Canada","","Cheese","Per capita domestic disappearance","Litres","203","units ","0","v72563","1.4.2","18.56","","","","2"
"1928","Canada","","Concentrated whole milk products","Total domestic disappearance","Kilolitres","195","units ","0","v72558","1.5.1","56557","","","","0"
"1928","Canada","","Concentrated whole milk products","Per capita domestic disappearance","Litres","203","units ","0","v72564","1.5.2","5.76","","","","2"
"1928","Canada","","Ice cream","Total domestic disappearance","Kilolitres","195","units ","0","v72559","1.6.1","58999","","","","0"
"1928","Canada","","Ice cream","Per capita domestic disappearance","Litres","203","units ","0","v72565","1.6.2","6.00","","","","2"
"1929","Canada","","Total dairy products","Total domestic disappearance","Kilolitres","195","units ","0","v72554","1.1.1","5036178","","","","0"
"1929","Canada","","Total dairy products","Per capita domestic disappearance","Litres","203","units ","0","v72560","1.1.2","502.16","","","","2"
"1929","Canada","","Fluid products","Total domestic disappearance","Kilolitres","195","units ","0","v72555","1.2.1","1610197","","","","0"
"1929","Canada","","Fluid products","Per capita domestic disappearance","Litres","203","units ","0","v72561","1.2.2","160.56","","","","2"
"1929","Canada","","Butter","Total domestic disappearance","Kilolitres","195","units ","0","v72556","1.3.1","3120181","","","","0"
"1929","Canada","","Butter","Per capita domestic disappearance","Litres","203","units ","0","v72562","1.3.2","311.12","","","","2"
"1929","Canada","","Cheese","Total domestic disappearance","Kilolitres","195","units ","0","v72557","1.4.1","177705","","","","0"
"1929","Canada","","Cheese","Per capita domestic disappearance","Litres","203","units ","0","v72563","1.4.2","17.72","","","","2"
"1929","Canada","","Concentrated whole milk products","Total domestic disappearance","Kilolitres","195","units ","0","v72558","1.5.1","60292","","","","0"
"1929","Canada","","Concentrated whole milk products","Per capita domestic disappearance","Litres","203","units ","0","v72564","1.5.2","6.01","","","","2"
"1929","Canada","","Ice cream","Total domestic disappearance","Kilolitres","195","units ","0","v72559","1.6.1","67802","","","","0"
"1929","Canada","","Ice cream","Per capita domestic disappearance","Litres","203","units ","0","v72565","1.6.2","6.76","","","","2"
"1930","Canada","","Total dairy products","Total domestic disappearance","Kilolitres","195","units ","0","v72554","1.1.1","5283535","","","","0"
"1930","Canada","","Total dairy products","Per capita domestic disappearance","Litres","203","units ","0","v72560","1.1.2","517.60","","","","2"
"1930","Canada","","Fluid products","Total domestic disappearance","Kilolitres","195","units ","0","v72555","1.2.1","1748387","","","","0"
"1930","Canada","","Fluid products","Per capita domestic disappearance","Litres","203","units ","0","v72561","1.2.2","171.28","","","","2"
"1930","Canada","","Butter","Total domestic disappearance","Kilolitres","195","units ","0","v72556","1.3.1","3219917","","","","0"
"1930","Canada","","Butter","Per capita domestic disappearance","Litres","203","units ","0","v72562","1.3.2","315.43","","","","2"
"1930","Canada","","Cheese","Total domestic disappearance","Kilolitres","195","units ","0","v72557","1.4.1","185001","","","","0"
"1930","Canada","","Cheese","Per capita domestic disappearance","Litres","203","units ","0","v72563","1.4.2","18.12","","","","2"
"1930","Canada","","Concentrated whole milk products","Total domestic disappearance","Kilolitres","195","units ","0","v72558","1.5.1","63045","","","","0"
"1930","Canada","","Concentrated whole milk products","Per capita domestic disappearance","Litres","203","units ","0","v72564","1.5.2","6.18","","","","2"
"1930","Canada","","Ice cream","Total domestic disappearance","Kilolitres","195","units ","0","v72559","1.6.1","67187","","","","0"
"1930","Canada","","Ice cream","Per capita domestic disappearance","Litres","203","units ","0","v72565","1.6.2","6.58","","","","2"
"1931","Canada","","Total dairy products","Total domestic disappearance","Kilolitres","195","units ","0","v72554","1.1.1","5455406","","","","0"
"1931","Canada","","Total dairy products","Per capita domestic disappearance","Litres","203","units ","0","v72560","1.1.2","525.77","","","","2"
"1931","Canada","","Fluid products","Total domestic disappearance","Kilolitres","195","units ","0","v72555","1.2.1","1917568","","","","0"
"1931","Canada","","Fluid products","Per capita domestic disappearance","Litres","203","units ","0","v72561","1.2.2","184.81","","","","2"
"1931","Canada","","Butter","Total domestic disappearance","Kilolitres","195","units ","0","v72556","1.3.1","3243089","","","","0"
"1931","Canada","","Butter","Per capita domestic disappearance","Litres","203","units ","0","v72562","1.3.2","312.56","","","","2"
"1931","Canada","","Cheese","Total domestic disappearance","Kilolitres","195","units ","0","v72557","1.4.1","180616","","","","0"
"1931","Canada","","Cheese","Per capita domestic disappearance","Litres","203","units ","0","v72563","1.4.2","17.41","","","","2"
"1931","Canada","","Concentrated whole milk products","Total domestic disappearance","Kilolitres","195","units ","0","v72558","1.5.1","57148","","","","0"
"1931","Canada","","Concentrated whole milk products","Per capita domestic disappearance","Litres","203","units ","0","v72564","1.5.2","5.51","","","","2"
"1931","Canada","","Ice cream","Total domestic disappearance","Kilolitres","195","units ","0","v72559","1.6.1","56985","","","","0"
"1931","Canada","","Ice cream","Per capita domestic disappearance","Litres","203","units ","0","v72565","1.6.2","5.49","","","","2"
"1932","Canada","","Total dairy products","Total domestic disappearance","Kilolitres","195","units ","0","v72554","1.1.1","5359326","","","","0"
"1932","Canada","","Total dairy products","Per capita domestic disappearance","Litres","203","units ","0","v72560","1.1.2","509.92","","","","2"
"1932","Canada","","Fluid products","Total domestic disappearance","Kilolitres","195","units ","0","v72555","1.2.1","1880474","","","","0"
"1932","Canada","","Fluid products","Per capita domestic disappearance","Litres","203","units ","0","v72561","1.2.2","178.92","","","","2"
"1932","Canada","","Butter","Total domestic disappearance","Kilolitres","195","units ","0","v72556","1.3.1","3220225","","","","0"
"1932","Canada","","Butter","Per capita domestic disappearance","Litres","203","units ","0","v72562","1.3.2","306.40","","","","2"
"1932","Canada","","Cheese","Total domestic disappearance","Kilolitres","195","units ","0","v72557","1.4.1","169305","","","","0"
"1932","Canada","","Cheese","Per capita domestic disappearance","Litres","203","units ","0","v72563","1.4.2","16.11","","","","2"
"1932","Canada","","Concentrated whole milk products","Total domestic disappearance","Kilolitres","195","units ","0","v72558","1.5.1","46586","","","","0"
"1932","Canada","","Concentrated whole milk products","Per capita domestic disappearance","Litres","203","units ","0","v72564","1.5.2","4.43","","","","2"
"1932","Canada","","Ice cream","Total domestic disappearance","Kilolitres","195","units ","0","v72559","1.6.1","42735","","","","0"
"1932","Canada","","Ice cream","Per capita domestic disappearance","Litres","203","units ","0","v72565","1.6.2","4.07","","","","2"
"1933","Canada","","Total dairy products","Total domestic disappearance","Kilolitres","195","units ","0","v72554","1.1.1","5400928","","","","0"
"1933","Canada","","Total dairy products","Per capita domestic disappearance","Litres","203","units ","0","v72560","1.1.2","507.95","","","","2"
"1933","Canada","","Fluid products","Total domestic disappearance","Kilolitres","195","units ","0","v72555","1.2.1","1886505","","","","0"
"1933","Canada","","Fluid products","Per capita domestic disappearance","Litres","203","units ","0","v72561","1.2.2","177.42","","","","2"
"1933","Canada","","Butter","Total domestic disappearance","Kilolitres","195","units ","0","v72556","1.3.1","3248349","","","","0"
"1933","Canada","","Butter","Per capita domestic disappearance","Litres","203","units ","0","v72562","1.3.2","305.50","","","","2"
"1933","Canada","","Cheese","Total domestic disappearance","Kilolitres","195","units ","0","v72557","1.4.1","179922","","","","0"
"1933","Canada","","Cheese","Per capita domestic disappearance","Litres","203","units ","0","v72563","1.4.2","16.92","","","","2"
"1933","Canada","","Concentrated whole milk products","Total domestic disappearance","Kilolitres","195","units ","0","v72558","1.5.1","46545","","","","0"
"1933","Canada","","Concentrated whole milk products","Per capita domestic disappearance","Litres","203","units ","0","v72564","1.5.2","4.38","","","","2"
"1933","Canada","","Ice cream","Total domestic disappearance","Kilolitres","195","units ","0","v72559","1.6.1","39607","","","","0"
"1933","Canada","","Ice cream","Per capita domestic disappearance","Litres","203","units ","0","v72565","1.6.2","3.73","","","","2"
"1934","Canada","","Total dairy products","Total domestic disappearance","Kilolitres","195","units ","0","v72554","1.1.1","5600896","","","","0"
"1934","Canada","","Total dairy products","Per capita domestic disappearance","Litres","203","units ","0","v72560","1.1.2","521.46","","","","2"
"1934","Canada","","Fluid products","Total domestic disappearance","Kilolitres","195","units ","0","v72555","1.2.1","1952737","","","","0"
"1934","Canada","","Fluid products","Per capita domestic disappearance","Litres","203","units ","0","v72561","1.2.2","181.80","","","","2"
"1934","Canada","","Butter","Total domestic disappearance","Kilolitres","195","units ","0","v72556","1.3.1","3360201","","","","0"
"1934","Canada","","Butter","Per capita domestic disappearance","Litres","203","units ","0","v72562","1.3.2","312.84","","","","2"
"1934","Canada","","Cheese","Total domestic disappearance","Kilolitres","195","units ","0","v72557","1.4.1","193035","","","","0"
"1934","Canada","","Cheese","Per capita domestic disappearance","Litres","203","units ","0","v72563","1.4.2","17.97","","","","2"
"1934","Canada","","Concentrated whole milk products","Total domestic disappearance","Kilolitres","195","units ","0","v72558","1.5.1","53481","","","","0"
"1934","Canada","","Concentrated whole milk products","Per capita domestic disappearance","Litres","203","units ","0","v72564","1.5.2","4.98","","","","2"
"1934","Canada","","Ice cream","Total domestic disappearance","Kilolitres","195","units ","0","v72559","1.6.1","41441","","","","0"
"1934","Canada","","Ice cream","Per capita domestic disappearance","Litres","203","units ","0","v72565","1.6.2","3.86","","","","2"
"1935","Canada","","Total dairy products","Total domestic disappearance","Kilolitres","195","units ","0","v72554","1.1.1","5667479","","","","0"
"1935","Canada","","Total dairy products","Per capita domestic disappearance","Litres","203","units ","0","v72560","1.1.2","522.59","","","","2"
"1935","Canada","","Fluid products","Total domestic disappearance","Kilolitres","195","units ","0","v72555","1.2.1","1951123","","","","0"
"1935","Canada","","Fluid products","Per capita domestic disappearance","Litres","203","units ","0","v72561","1.2.2","179.91","","","","2"
"1935","Canada","","Butter","Total domestic disappearance","Kilolitres","195","units ","0","v72556","1.3.1","3412900","","","","0"
"1935","Canada","","Butter","Per capita domestic disappearance","Litres","203","units ","0","v72562","1.3.2","314.70","","","","2"
"1935","Canada","","Cheese","Total domestic disappearance","Kilolitres","195","units ","0","v72557","1.4.1","196185","","","","0"
"1935","Canada","","Cheese","Per capita domestic disappearance","Litres","203","units ","0","v72563","1.4.2","18.09","","","","2"
"1935","Canada","","Concentrated whole milk products","Total domestic disappearance","Kilolitres","195","units ","0","v72558","1.5.1","61678","","","","0"
"1935","Canada","","Concentrated whole milk products","Per capita domestic disappearance","Litres","203","units ","0","v72564","1.5.2","5.69","","","","2"
"1935","Canada","","Ice cream","Total domestic disappearance","Kilolitres","195","units ","0","v72559","1.6.1","45594","","","","0"
"1935","Canada","","Ice cream","Per capita domestic disappearance","Litres","203","units ","0","v72565","1.6.2","4.20","","","","2"
"1936","Canada","","Total dairy products","Total domestic disappearance","Kilolitres","195","units ","0","v72554","1.1.1","5800780","","","","0"
"1936","Canada","","Total dairy products","Per capita domestic disappearance","Litres","203","units ","0","v72560","1.1.2","529.75","","","","2"
"1936","Canada","","Fluid products","Total domestic disappearance","Kilolitres","195","units ","0","v72555","1.2.1","1994014","","","","0"
"1936","Canada","","Fluid products","Per capita domestic disappearance","Litres","203","units ","0","v72561","1.2.2","182.10","","","","2"
"1936","Canada","","Butter","Total domestic disappearance","Kilolitres","195","units ","0","v72556","1.3.1","3478149","","","","0"
"1936","Canada","","Butter","Per capita domestic disappearance","Litres","203","units ","0","v72562","1.3.2","317.64","","","","2"
"1936","Canada","","Cheese","Total domestic disappearance","Kilolitres","195","units ","0","v72557","1.4.1","197964","","","","0"
"1936","Canada","","Cheese","Per capita domestic disappearance","Litres","203","units ","0","v72563","1.4.2","18.08","","","","2"
"1936","Canada","","Concentrated whole milk products","Total domestic disappearance","Kilolitres","195","units ","0","v72558","1.5.1","73543","","","","0"
"1936","Canada","","Concentrated whole milk products","Per capita domestic disappearance","Litres","203","units ","0","v72564","1.5.2","6.72","","","","2"
"1936","Canada","","Ice cream","Total domestic disappearance","Kilolitres","195","units ","0","v72559","1.6.1","57110","","","","0"
"1936","Canada","","Ice cream","Per capita domestic disappearance","Litres","203","units ","0","v72565","1.6.2","5.22","","","","2"
"1937","Canada","","Total dairy products","Total domestic disappearance","Kilolitres","195","units ","0","v72554","1.1.1","5862585","","","","0"
"1937","Canada","","Total dairy products","Per capita domestic disappearance","Litres","203","units ","0","v72560","1.1.2","530.79","","","","2"
"1937","Canada","","Fluid products","Total domestic disappearance","Kilolitres","195","units ","0","v72555","1.2.1","1960711","","","","0"
"1937","Canada","","Fluid products","Per capita domestic disappearance","Litres","203","units ","0","v72561","1.2.2","177.52","","","","2"
"1937","Canada","","Butter","Total domestic disappearance","Kilolitres","195","units ","0","v72556","1.3.1","3557156","","","","0"
"1937","Canada","","Butter","Per capita domestic disappearance","Litres","203","units ","0","v72562","1.3.2","322.06","","","","2"
"1937","Canada","","Cheese","Total domestic disappearance","Kilolitres","195","units ","0","v72557","1.4.1","195332","","","","0"
"1937","Canada","","Cheese","Per capita domestic disappearance","Litres","203","units ","0","v72563","1.4.2","17.69","","","","2"
"1937","Canada","","Concentrated whole milk products","Total domestic disappearance","Kilolitres","195","units ","0","v72558","1.5.1","85058","","","","0"
"1937","Canada","","Concentrated whole milk products","Per capita domestic disappearance","Litres","203","units ","0","v72564","1.5.2","7.70","","","","2"
"1937","Canada","","Ice cream","Total domestic disappearance","Kilolitres","195","units ","0","v72559","1.6.1","64328","","","","0"
"1937","Canada","","Ice cream","Per capita domestic disappearance","Litres","203","units ","0","v72565","1.6.2","5.82","","","","2"
"1938","Canada","","Total dairy products","Total domestic disappearance","Kilolitres","195","units ","0","v72554","1.1.1","6013788","","","","0"
"1938","Canada","","Total dairy products","Per capita domestic disappearance","Litres","203","units ","0","v72560","1.1.2","539.26","","","","2"
"1938","Canada","","Fluid products","Total domestic disappearance","Kilolitres","195","units ","0","v72555","1.2.1","2115945","","","","0"
"1938","Canada","","Fluid products","Per capita domestic disappearance","Litres","203","units ","0","v72561","1.2.2","189.74","","","","2"
"1938","Canada","","Butter","Total domestic disappearance","Kilolitres","195","units ","0","v72556","1.3.1","3538293","","","","0"
"1938","Canada","","Butter","Per capita domestic disappearance","Litres","203","units ","0","v72562","1.3.2","317.28","","","","2"
"1938","Canada","","Cheese","Total domestic disappearance","Kilolitres","195","units ","0","v72557","1.4.1","209403","","","","0"
"1938","Canada","","Cheese","Per capita domestic disappearance","Litres","203","units ","0","v72563","1.4.2","18.78","","","","2"
"1938","Canada","","Concentrated whole milk products","Total domestic disappearance","Kilolitres","195","units ","0","v72558","1.5.1","88240","","","","0"
"1938","Canada","","Concentrated whole milk products","Per capita domestic disappearance","Litres","203","units ","0","v72564","1.5.2","7.92","","","","2"
"1938","Canada","","Ice cream","Total domestic disappearance","Kilolitres","195","units ","0","v72559","1.6.1","61906","","","","0"
"1938","Canada","","Ice cream","Per capita domestic disappearance","Litres","203","units ","0","v72565","1.6.2","5.55","","","","2"
"1939","Canada","","Total dairy products","Total domestic disappearance","Kilolitres","195","units ","0","v72554","1.1.1","6065824","","","","0"
"1939","Canada","","Total dairy products","Per capita domestic disappearance","Litres","203","units ","0","v72560","1.1.2","538.36","","","","2"
"1939","Canada","","Fluid products","Total domestic disappearance","Kilolitres","195","units ","0","v72555","1.2.1","2115544","","","","0"
"1939","Canada","","Fluid products","Per capita domestic disappearance","Litres","203","units ","0","v72561","1.2.2","187.76","","","","2"
"1939","Canada","","Butter","Total domestic disappearance","Kilolitres","195","units ","0","v72556","1.3.1","3568541","","","","0"
"1939","Canada","","Butter","Per capita domestic disappearance","Litres","203","units ","0","v72562","1.3.2","316.72","","","","2"
"1939","Canada","","Cheese","Total domestic disappearance","Kilolitres","195","units ","0","v72557","1.4.1","211457","","","","0"
"1939","Canada","","Cheese","Per capita domestic disappearance","Litres","203","units ","0","v72563","1.4.2","18.77","","","","2"
"1939","Canada","","Concentrated whole milk products","Total domestic disappearance","Kilolitres","195","units ","0","v72558","1.5.1","107629","","","","0"
"1939","Canada","","Concentrated whole milk products","Per capita domestic disappearance","Litres","203","units ","0","v72564","1.5.2","9.55","","","","2"
"1939","Canada","","Ice cream","Total domestic disappearance","Kilolitres","195","units ","0","v72559","1.6.1","62653","","","","0"
"1939","Canada","","Ice cream","Per capita domestic disappearance","Litres","203","units ","0","v72565","1.6.2","5.56","","","","2"
"1940","Canada","","Total dairy products","Total domestic disappearance","Kilolitres","195","units ","0","v72554","1.1.1","5881196","","","","0"
"1940","Canada","","Total dairy products","Per capita domestic disappearance","Litres","203","units ","0","v72560","1.1.2","516.75","","","","2"
"1940","Canada","","Fluid products","Total domestic disappearance","Kilolitres","195","units ","0","v72555","1.2.1","1878290","","","","0"
"1940","Canada","","Fluid products","Per capita domestic disappearance","Litres","203","units ","0","v72561","1.2.2","165.04","","","","2"
"1940","Canada","","Butter","Total domestic disappearance","Kilolitres","195","units ","0","v72556","1.3.1","3615550","","","","0"
"1940","Canada","","Butter","Per capita domestic disappearance","Litres","203","units ","0","v72562","1.3.2","317.68","","","","2"
"1940","Canada","","Cheese","Total domestic disappearance","Kilolitres","195","units ","0","v72557","1.4.1","203250","","","","0"
"1940","Canada","","Cheese","Per capita domestic disappearance","Litres","203","units ","0","v72563","1.4.2","17.86","","","","2"
"1940","Canada","","Concentrated whole milk products","Total domestic disappearance","Kilolitres","195","units ","0","v72558","1.5.1","114614","","","","0"
"1940","Canada","","Concentrated whole milk products","Per capita domestic disappearance","Litres","203","units ","0","v72564","1.5.2","10.07","","","","2"
"1940","Canada","","Ice cream","Total domestic disappearance","Kilolitres","195","units ","0","v72559","1.6.1","69492","","","","0"
"1940","Canada","","Ice cream","Per capita domestic disappearance","Litres","203","units ","0","v72565","1.6.2","6.11","","","","2"
"1941","Canada","","Total dairy products","Total domestic disappearance","Kilolitres","195","units ","0","v72554","1.1.1","5948703","","","","0"
"1941","Canada","","Total dairy products","Per capita domestic disappearance","Litres","203","units ","0","v72560","1.1.2","521.13","","","","2"
"1941","Canada","","Fluid products","Total domestic disappearance","Kilolitres","195","units ","0","v72555","1.2.1","1864995","","","","0"
"1941","Canada","","Fluid products","Per capita domestic disappearance","Litres","203","units ","0","v72561","1.2.2","163.38","","","","2"
"1941","Canada","","Butter","Total domestic disappearance","Kilolitres","195","units ","0","v72556","1.3.1","3612907","","","","0"
"1941","Canada","","Butter","Per capita domestic disappearance","Litres","203","units ","0","v72562","1.3.2","316.50","","","","2"
"1941","Canada","","Cheese","Total domestic disappearance","Kilolitres","195","units ","0","v72557","1.4.1","251761","","","","0"
"1941","Canada","","Cheese","Per capita domestic disappearance","Litres","203","units ","0","v72563","1.4.2","22.06","","","","2"
"1941","Canada","","Concentrated whole milk products","Total domestic disappearance","Kilolitres","195","units ","0","v72558","1.5.1","129832","","","","0"
"1941","Canada","","Concentrated whole milk products","Per capita domestic disappearance","Litres","203","units ","0","v72564","1.5.2","11.37","","","","2"
"1941","Canada","","Ice cream","Total domestic disappearance","Kilolitres","195","units ","0","v72559","1.6.1","89209","","","","0"
"1941","Canada","","Ice cream","Per capita domestic disappearance","Litres","203","units ","0","v72565","1.6.2","7.82","","","","2"
"1942","Canada","","Total dairy products","Total domestic disappearance","Kilolitres","195","units ","0","v72554","1.1.1","6279264","","","","0"
"1942","Canada","","Total dairy products","Per capita domestic disappearance","Litres","203","units ","0","v72560","1.1.2","548.12","","","","2"
"1942","Canada","","Fluid products","Total domestic disappearance","Kilolitres","195","units ","0","v72555","1.2.1","1994456","","","","0"
"1942","Canada","","Fluid products","Per capita domestic disappearance","Litres","203","units ","0","v72561","1.2.2","174.10","","","","2"
"1942","Canada","","Butter","Total domestic disappearance","Kilolitres","195","units ","0","v72556","1.3.1","3789293","","","","0"
"1942","Canada","","Butter","Per capita domestic disappearance","Litres","203","units ","0","v72562","1.3.2","330.77","","","","2"
"1942","Canada","","Cheese","Total domestic disappearance","Kilolitres","195","units ","0","v72557","1.4.1","222660","","","","0"
"1942","Canada","","Cheese","Per capita domestic disappearance","Litres","203","units ","0","v72563","1.4.2","19.44","","","","2"
"1942","Canada","","Concentrated whole milk products","Total domestic disappearance","Kilolitres","195","units ","0","v72558","1.5.1","177005","","","","0"
"1942","Canada","","Concentrated whole milk products","Per capita domestic disappearance","Litres","203","units ","0","v72564","1.5.2","15.45","","","","2"
"1942","Canada","","Ice cream","Total domestic disappearance","Kilolitres","195","units ","0","v72559","1.6.1","95851","","","","0"
"1942","Canada","","Ice cream","Per capita domestic disappearance","Litres","203","units ","0","v72565","1.6.2","8.37","","","","2"
"1943","Canada","","Total dairy products","Total domestic disappearance","Kilolitres","195","units ","0","v72554","1.1.1","5992402","","","","0"
"1943","Canada","","Total dairy products","Per capita domestic disappearance","Litres","203","units ","0","v72560","1.1.2","521.39","","","","2"
"1943","Canada","","Fluid products","Total domestic disappearance","Kilolitres","195","units ","0","v72555","1.2.1","2153328","","","","0"
"1943","Canada","","Fluid products","Per capita domestic disappearance","Litres","203","units ","0","v72561","1.2.2","187.36","","","","2"
"1943","Canada","","Butter","Total domestic disappearance","Kilolitres","195","units ","0","v72556","1.3.1","3250980","","","","0"
"1943","Canada","","Butter","Per capita domestic disappearance","Litres","203","units ","0","v72562","1.3.2","282.86","","","","2"
"1943","Canada","","Cheese","Total domestic disappearance","Kilolitres","195","units ","0","v72557","1.4.1","268751","","","","0"
"1943","Canada","","Cheese","Per capita domestic disappearance","Litres","203","units ","0","v72563","1.4.2","23.38","","","","2"
"1943","Canada","","Concentrated whole milk products","Total domestic disappearance","Kilolitres","195","units ","0","v72558","1.5.1","210795","","","","0"
"1943","Canada","","Concentrated whole milk products","Per capita domestic disappearance","Litres","203","units ","0","v72564","1.5.2","18.34","","","","2"
"1943","Canada","","Ice cream","Total domestic disappearance","Kilolitres","195","units ","0","v72559","1.6.1","108547","","","","0"
"1943","Canada","","Ice cream","Per capita domestic disappearance","Litres","203","units ","0","v72565","1.6.2","9.44","","","","2"
"1944","Canada","","Total dairy products","Total domestic disappearance","Kilolitres","195","units ","0","v72554","1.1.1","6257364","","","","0"
"1944","Canada","","Total dairy products","Per capita domestic disappearance","Litres","203","units ","0","v72560","1.1.2","541.86","","","","2"
"1944","Canada","","Fluid products","Total domestic disappearance","Kilolitres","195","units ","0","v72555","1.2.1","2243451","","","","0"
"1944","Canada","","Fluid products","Per capita domestic disappearance","Litres","203","units ","0","v72561","1.2.2","194.27","","","","2"
"1944","Canada","","Butter","Total domestic disappearance","Kilolitres","195","units ","0","v72556","1.3.1","3449712","","","","0"
"1944","Canada","","Butter","Per capita domestic disappearance","Litres","203","units ","0","v72562","1.3.2","298.73","","","","2"
"1944","Canada","","Cheese","Total domestic disappearance","Kilolitres","195","units ","0","v72557","1.4.1","267118","","","","0"
"1944","Canada","","Cheese","Per capita domestic disappearance","Litres","203","units ","0","v72563","1.4.2","23.13","","","","2"
"1944","Canada","","Concentrated whole milk products","Total domestic disappearance","Kilolitres","195","units ","0","v72558","1.5.1","185865","","","","0"
"1944","Canada","","Concentrated whole milk products","Per capita domestic disappearance","Litres","203","units ","0","v72564","1.5.2","16.10","","","","2"
"1944","Canada","","Ice cream","Total domestic disappearance","Kilolitres","195","units ","0","v72559","1.6.1","111217","","","","0"
"1944","Canada","","Ice cream","Per capita domestic disappearance","Litres","203","units ","0","v72565","1.6.2","9.63","","","","2"
"1945","Canada","","Total dairy products","Total domestic disappearance","Kilolitres","195","units ","0","v72554","1.1.1","6230910","","","","0"
"1945","Canada","","Total dairy products","Per capita domestic disappearance","Litres","203","units ","0","v72560","1.1.2","534.84","","","","2"
"1945","Canada","","Fluid products","Total domestic disappearance","Kilolitres","195","units ","0","v72555","1.2.1","2281156","","","","0"
"1945","Canada","","Fluid products","Per capita domestic disappearance","Litres","203","units ","0","v72561","1.2.2","195.81","","","","2"
"1945","Canada","","Butter","Total domestic disappearance","Kilolitres","195","units ","0","v72556","1.3.1","3354639","","","","0"
"1945","Canada","","Butter","Per capita domestic disappearance","Litres","203","units ","0","v72562","1.3.2","287.95","","","","2"
"1945","Canada","","Cheese","Total domestic disappearance","Kilolitres","195","units ","0","v72557","1.4.1","298938","","","","0"
"1945","Canada","","Cheese","Per capita domestic disappearance","Litres","203","units ","0","v72563","1.4.2","25.66","","","","2"
"1945","Canada","","Concentrated whole milk products","Total domestic disappearance","Kilolitres","195","units ","0","v72558","1.5.1","193237","","","","0"
"1945","Canada","","Concentrated whole milk products","Per capita domestic disappearance","Litres","203","units ","0","v72564","1.5.2","16.58","","","","2"
"1945","Canada","","Ice cream","Total domestic disappearance","Kilolitres","195","units ","0","v72559","1.6.1","102939","","","","0"
"1945","Canada","","Ice cream","Per capita domestic disappearance","Litres","203","units ","0","v72565","1.6.2","8.84","","","","2"
"1946","Canada","","Total dairy products","Total domestic disappearance","Kilolitres","195","units ","0","v72554","1.1.1","5954592","","","","0"
"1946","Canada","","Total dairy products","Per capita domestic disappearance","Litres","203","units ","0","v72560","1.1.2","486.01","","","","2"
"1946","Canada","","Fluid products","Total domestic disappearance","Kilolitres","195","units ","0","v72555","1.2.1","2390047","","","","0"
"1946","Canada","","Fluid products","Per capita domestic disappearance","Litres","203","units ","0","v72561","1.2.2","195.08","","","","2"
"1946","Canada","","Butter","Total domestic disappearance","Kilolitres","195","units ","0","v72556","1.3.1","3017267","","","","0"
"1946","Canada","","Butter","Per capita domestic disappearance","Litres","203","units ","0","v72562","1.3.2","246.27","","","","2"
"1946","Canada","","Cheese","Total domestic disappearance","Kilolitres","195","units ","0","v72557","1.4.1","255366","","","","0"
"1946","Canada","","Cheese","Per capita domestic disappearance","Litres","203","units ","0","v72563","1.4.2","20.84","","","","2"
"1946","Canada","","Concentrated whole milk products","Total domestic disappearance","Kilolitres","195","units ","0","v72558","1.5.1","192264","","","","0"
"1946","Canada","","Concentrated whole milk products","Per capita domestic disappearance","Litres","203","units ","0","v72564","1.5.2","15.69","","","","2"
"1946","Canada","","Ice cream","Total domestic disappearance","Kilolitres","195","units ","0","v72559","1.6.1","99646","","","","0"
"1946","Canada","","Ice cream","Per capita domestic disappearance","Litres","203","units ","0","v72565","1.6.2","8.13","","","","2"
"1947","Canada","","Total dairy products","Total domestic disappearance","Kilolitres","195","units ","0","v72554","1.1.1","6406667","","","","0"
"1947","Canada","","Total dairy products","Per capita domestic disappearance","Litres","203","units ","0","v72560","1.1.2","510.46","","","","2"
"1947","Canada","","Fluid products","Total domestic disappearance","Kilolitres","195","units ","0","v72555","1.2.1","2338217","","","","0"
"1947","Canada","","Fluid products","Per capita domestic disappearance","Litres","203","units ","0","v72561","1.2.2","186.30","","","","2"
"1947","Canada","","Butter","Total domestic disappearance","Kilolitres","195","units ","0","v72556","1.3.1","3370896","","","","0"
"1947","Canada","","Butter","Per capita domestic disappearance","Litres","203","units ","0","v72562","1.3.2","268.58","","","","2"
"1947","Canada","","Cheese","Total domestic disappearance","Kilolitres","195","units ","0","v72557","1.4.1","320647","","","","0"
"1947","Canada","","Cheese","Per capita domestic disappearance","Litres","203","units ","0","v72563","1.4.2","25.55","","","","2"
"1947","Canada","","Concentrated whole milk products","Total domestic disappearance","Kilolitres","195","units ","0","v72558","1.5.1","229342","","","","0"
"1947","Canada","","Concentrated whole milk products","Per capita domestic disappearance","Litres","203","units ","0","v72564","1.5.2","18.28","","","","2"
"1947","Canada","","Ice cream","Total domestic disappearance","Kilolitres","195","units ","0","v72559","1.6.1","147565","","","","0"
"1947","Canada","","Ice cream","Per capita domestic disappearance","Litres","203","units ","0","v72565","1.6.2","11.76","","","","2"
"1948","Canada","","Total dairy products","Total domestic disappearance","Kilolitres","195","units ","0","v72554","1.1.1","6393657","","","","0"
"1948","Canada","","Total dairy products","Per capita domestic disappearance","Litres","203","units ","0","v72560","1.1.2","498.61","","","","2"
"1948","Canada","","Fluid products","Total domestic disappearance","Kilolitres","195","units ","0","v72555","1.2.1","2226928","","","","0"
"1948","Canada","","Fluid products","Per capita domestic disappearance","Litres","203","units ","0","v72561","1.2.2","173.67","","","","2"
"1948","Canada","","Butter","Total domestic disappearance","Kilolitres","195","units ","0","v72556","1.3.1","3514160","","","","0"
"1948","Canada","","Butter","Per capita domestic disappearance","Litres","203","units ","0","v72562","1.3.2","274.05","","","","2"
"1948","Canada","","Cheese","Total domestic disappearance","Kilolitres","195","units ","0","v72557","1.4.1","252444","","","","0"
"1948","Canada","","Cheese","Per capita domestic disappearance","Litres","203","units ","0","v72563","1.4.2","19.69","","","","2"
"1948","Canada","","Concentrated whole milk products","Total domestic disappearance","Kilolitres","195","units ","0","v72558","1.5.1","241449","","","","0"
"1948","Canada","","Concentrated whole milk products","Per capita domestic disappearance","Litres","203","units ","0","v72564","1.5.2","18.83","","","","2"
"1948","Canada","","Ice cream","Total domestic disappearance","Kilolitres","195","units ","0","v72559","1.6.1","158676","","","","0"
"1948","Canada","","Ice cream","Per capita domestic disappearance","Litres","203","units ","0","v72565","1.6.2","12.37","","","","2"
"1949","Canada","","Total dairy products","Total domestic disappearance","Kilolitres","195","units ","0","v72554","1.1.1","6016327","","","","0"
"1949","Canada","","Total dairy products","Per capita domestic disappearance","Litres","203","units ","0","v72560","1.1.2","453.65","","","","2"
"1949","Canada","","Fluid products","Total domestic disappearance","Kilolitres","195","units ","0","v72555","1.2.1","2264566","","","","0"
"1949","Canada","","Fluid products","Per capita domestic disappearance","Litres","203","units ","0","v72561","1.2.2","172.84","","","","2"
"1949","Canada","","Butter","Total domestic disappearance","Kilolitres","195","units ","0","v72556","1.3.1","3022304","","","","0"
"1949","Canada","","Butter","Per capita domestic disappearance","Litres","203","units ","0","v72562","1.3.2","226.20","","","","2"
"1949","Canada","","Cheese","Total domestic disappearance","Kilolitres","195","units ","0","v72557","1.4.1","302839","","","","0"
"1949","Canada","","Cheese","Per capita domestic disappearance","Litres","203","units ","0","v72563","1.4.2","22.67","","","","2"
"1949","Canada","","Concentrated whole milk products","Total domestic disappearance","Kilolitres","195","units ","0","v72558","1.5.1","235706","","","","0"
"1949","Canada","","Concentrated whole milk products","Per capita domestic disappearance","Litres","203","units ","0","v72564","1.5.2","17.65","","","","2"
"1949","Canada","","Ice cream","Total domestic disappearance","Kilolitres","195","units ","0","v72559","1.6.1","190912","","","","0"
"1949","Canada","","Ice cream","Per capita domestic disappearance","Litres","203","units ","0","v72565","1.6.2","14.29","","","","2"
"1950","Canada","","Total dairy products","Total domestic disappearance","Kilolitres","195","units ","0","v72554","1.1.1","6232492","","","","0"
"1950","Canada","","Total dairy products","Per capita domestic disappearance","Litres","203","units ","0","v72560","1.1.2","458.93","","","","2"
"1950","Canada","","Fluid products","Total domestic disappearance","Kilolitres","195","units ","0","v72555","1.2.1","2299944","","","","0"
"1950","Canada","","Fluid products","Per capita domestic disappearance","Litres","203","units ","0","v72561","1.2.2","172.14","","","","2"
"1950","Canada","","Butter","Total domestic disappearance","Kilolitres","195","units ","0","v72556","1.3.1","3138009","","","","0"
"1950","Canada","","Butter","Per capita domestic disappearance","Litres","203","units ","0","v72562","1.3.2","228.85","","","","2"
"1950","Canada","","Cheese","Total domestic disappearance","Kilolitres","195","units ","0","v72557","1.4.1","334550","","","","0"
"1950","Canada","","Cheese","Per capita domestic disappearance","Litres","203","units ","0","v72563","1.4.2","24.40","","","","2"
"1950","Canada","","Concentrated whole milk products","Total domestic disappearance","Kilolitres","195","units ","0","v72558","1.5.1","272693","","","","0"
"1950","Canada","","Concentrated whole milk products","Per capita domestic disappearance","Litres","203","units ","0","v72564","1.5.2","19.89","","","","2"
"1950","Canada","","Ice cream","Total domestic disappearance","Kilolitres","195","units ","0","v72559","1.6.1","187296","","","","0"
"1950","Canada","","Ice cream","Per capita domestic disappearance","Litres","203","units ","0","v72565","1.6.2","13.66","","","","2"
"1951","Canada","","Total dairy products","Total domestic disappearance","Kilolitres","195","units ","0","v72554","1.1.1","6187427","","","","0"
"1951","Canada","","Total dairy products","Per capita domestic disappearance","Litres","203","units ","0","v72560","1.1.2","446.04","","","","2"
"1951","Canada","","Fluid products","Total domestic disappearance","Kilolitres","195","units ","0","v72555","1.2.1","2309612","","","","0"
"1951","Canada","","Fluid products","Per capita domestic disappearance","Litres","203","units ","0","v72561","1.2.2","169.23","","","","2"
"1951","Canada","","Butter","Total domestic disappearance","Kilolitres","195","units ","0","v72556","1.3.1","3048717","","","","0"
"1951","Canada","","Butter","Per capita domestic disappearance","Litres","203","units ","0","v72562","1.3.2","217.63","","","","2"
"1951","Canada","","Cheese","Total domestic disappearance","Kilolitres","195","units ","0","v72557","1.4.1","342149","","","","0"
"1951","Canada","","Cheese","Per capita domestic disappearance","Litres","203","units ","0","v72563","1.4.2","24.42","","","","2"
"1951","Canada","","Concentrated whole milk products","Total domestic disappearance","Kilolitres","195","units ","0","v72558","1.5.1","285959","","","","0"
"1951","Canada","","Concentrated whole milk products","Per capita domestic disappearance","Litres","203","units ","0","v72564","1.5.2","20.41","","","","2"
"1951","Canada","","Ice cream","Total domestic disappearance","Kilolitres","195","units ","0","v72559","1.6.1","200990","","","","0"
"1951","Canada","","Ice cream","Per capita domestic disappearance","Litres","203","units ","0","v72565","1.6.2","14.35","","","","2"
"1952","Canada","","Total dairy products","Total domestic disappearance","Kilolitres","195","units ","0","v72554","1.1.1","6314039","","","","0"
"1952","Canada","","Total dairy products","Per capita domestic disappearance","Litres","203","units ","0","v72560","1.1.2","441.03","","","","2"
"1952","Canada","","Fluid products","Total domestic disappearance","Kilolitres","195","units ","0","v72555","1.2.1","2364838","","","","0"
"1952","Canada","","Fluid products","Per capita domestic disappearance","Litres","203","units ","0","v72561","1.2.2","167.90","","","","2"
"1952","Canada","","Butter","Total domestic disappearance","Kilolitres","195","units ","0","v72556","1.3.1","3066698","","","","0"
"1952","Canada","","Butter","Per capita domestic disappearance","Litres","203","units ","0","v72562","1.3.2","212.10","","","","2"
"1952","Canada","","Cheese","Total domestic disappearance","Kilolitres","195","units ","0","v72557","1.4.1","362978","","","","0"
"1952","Canada","","Cheese","Per capita domestic disappearance","Litres","203","units ","0","v72563","1.4.2","25.11","","","","2"
"1952","Canada","","Concentrated whole milk products","Total domestic disappearance","Kilolitres","195","units ","0","v72558","1.5.1","309687","","","","0"
"1952","Canada","","Concentrated whole milk products","Per capita domestic disappearance","Litres","203","units ","0","v72564","1.5.2","21.42","","","","2"
"1952","Canada","","Ice cream","Total domestic disappearance","Kilolitres","195","units ","0","v72559","1.6.1","209839","","","","0"
"1952","Canada","","Ice cream","Per capita domestic disappearance","Litres","203","units ","0","v72565","1.6.2","14.51","","","","2"
"1953","Canada","","Total dairy products","Total domestic disappearance","Kilolitres","195","units ","0","v72554","1.1.1","6515034","","","","0"
"1953","Canada","","Total dairy products","Per capita domestic disappearance","Litres","203","units ","0","v72560","1.1.2","443.25","","","","2"
"1953","Canada","","Fluid products","Total domestic disappearance","Kilolitres","195","units ","0","v72555","1.2.1","2456630","","","","0"
"1953","Canada","","Fluid products","Per capita domestic disappearance","Litres","203","units ","0","v72561","1.2.2","169.87","","","","2"
"1953","Canada","","Butter","Total domestic disappearance","Kilolitres","195","units ","0","v72556","1.3.1","3141547","","","","0"
"1953","Canada","","Butter","Per capita domestic disappearance","Litres","203","units ","0","v72562","1.3.2","211.62","","","","2"
"1953","Canada","","Cheese","Total domestic disappearance","Kilolitres","195","units ","0","v72557","1.4.1","378925","","","","0"
"1953","Canada","","Cheese","Per capita domestic disappearance","Litres","203","units ","0","v72563","1.4.2","25.52","","","","2"
"1953","Canada","","Concentrated whole milk products","Total domestic disappearance","Kilolitres","195","units ","0","v72558","1.5.1","323095","","","","0"
"1953","Canada","","Concentrated whole milk products","Per capita domestic disappearance","Litres","203","units ","0","v72564","1.5.2","21.77","","","","2"
"1953","Canada","","Ice cream","Total domestic disappearance","Kilolitres","195","units ","0","v72559","1.6.1","214837","","","","0"
"1953","Canada","","Ice cream","Per capita domestic disappearance","Litres","203","units ","0","v72565","1.6.2","14.47","","","","2"
"1954","Canada","","Total dairy products","Total domestic disappearance","Kilolitres","195","units ","0","v72554","1.1.1","6674397","","","","0"
"1954","Canada","","Total dairy products","Per capita domestic disappearance","Litres","203","units ","0","v72560","1.1.2","441.00","","","","2"
"1954","Canada","","Fluid products","Total domestic disappearance","Kilolitres","195","units ","0","v72555","1.2.1","2532755","","","","0"
"1954","Canada","","Fluid products","Per capita domestic disappearance","Litres","203","units ","0","v72561","1.2.2","170.08","","","","2"
"1954","Canada","","Butter","Total domestic disappearance","Kilolitres","195","units ","0","v72556","1.3.1","3194306","","","","0"
"1954","Canada","","Butter","Per capita domestic disappearance","Litres","203","units ","0","v72562","1.3.2","208.96","","","","2"
"1954","Canada","","Cheese","Total domestic disappearance","Kilolitres","195","units ","0","v72557","1.4.1","406569","","","","0"
"1954","Canada","","Cheese","Per capita domestic disappearance","Litres","203","units ","0","v72563","1.4.2","26.59","","","","2"
"1954","Canada","","Concentrated whole milk products","Total domestic disappearance","Kilolitres","195","units ","0","v72558","1.5.1","326799","","","","0"
"1954","Canada","","Concentrated whole milk products","Per capita domestic disappearance","Litres","203","units ","0","v72564","1.5.2","21.38","","","","2"
"1954","Canada","","Ice cream","Total domestic disappearance","Kilolitres","195","units ","0","v72559","1.6.1","213969","","","","0"
"1954","Canada","","Ice cream","Per capita domestic disappearance","Litres","203","units ","0","v72565","1.6.2","14.00","","","","2"
"1955","Canada","","Total dairy products","Total domestic disappearance","Kilolitres","195","units ","0","v72554","1.1.1","6924064","","","","0"
"1955","Canada","","Total dairy products","Per capita domestic disappearance","Litres","203","units ","0","v72560","1.1.2","445.56","","","","2"
"1955","Canada","","Fluid products","Total domestic disappearance","Kilolitres","195","units ","0","v72555","1.2.1","2650096","","","","0"
"1955","Canada","","Fluid products","Per capita domestic disappearance","Litres","203","units ","0","v72561","1.2.2","173.30","","","","2"
"1955","Canada","","Butter","Total domestic disappearance","Kilolitres","195","units ","0","v72556","1.3.1","3262846","","","","0"
"1955","Canada","","Butter","Per capita domestic disappearance","Litres","203","units ","0","v72562","1.3.2","207.85","","","","2"
"1955","Canada","","Cheese","Total domestic disappearance","Kilolitres","195","units ","0","v72557","1.4.1","437579","","","","0"
"1955","Canada","","Cheese","Per capita domestic disappearance","Litres","203","units ","0","v72563","1.4.2","27.88","","","","2"
"1955","Canada","","Concentrated whole milk products","Total domestic disappearance","Kilolitres","195","units ","0","v72558","1.5.1","331280","","","","0"
"1955","Canada","","Concentrated whole milk products","Per capita domestic disappearance","Litres","203","units ","0","v72564","1.5.2","21.10","","","","2"
"1955","Canada","","Ice cream","Total domestic disappearance","Kilolitres","195","units ","0","v72559","1.6.1","242262","","","","0"
"1955","Canada","","Ice cream","Per capita domestic disappearance","Litres","203","units ","0","v72565","1.6.2","15.43","","","","2"
"1956","Canada","","Total dairy products","Total domestic disappearance","Kilolitres","195","units ","0","v72554","1.1.1","7187915","","","","0"
"1956","Canada","","Total dairy products","Per capita domestic disappearance","Litres","203","units ","0","v72560","1.1.2","451.54","","","","2"
"1956","Canada","","Fluid products","Total domestic disappearance","Kilolitres","195","units ","0","v72555","1.2.1","2769857","","","","0"
"1956","Canada","","Fluid products","Per capita domestic disappearance","Litres","203","units ","0","v72561","1.2.2","176.81","","","","2"
"1956","Canada","","Butter","Total domestic disappearance","Kilolitres","195","units ","0","v72556","1.3.1","3376466","","","","0"
"1956","Canada","","Butter","Per capita domestic disappearance","Litres","203","units ","0","v72562","1.3.2","209.97","","","","2"
"1956","Canada","","Cheese","Total domestic disappearance","Kilolitres","195","units ","0","v72557","1.4.1","439044","","","","0"
"1956","Canada","","Cheese","Per capita domestic disappearance","Litres","203","units ","0","v72563","1.4.2","27.30","","","","2"
"1956","Canada","","Concentrated whole milk products","Total domestic disappearance","Kilolitres","195","units ","0","v72558","1.5.1","354057","","","","0"
"1956","Canada","","Concentrated whole milk products","Per capita domestic disappearance","Litres","203","units ","0","v72564","1.5.2","22.02","","","","2"
"1956","Canada","","Ice cream","Total domestic disappearance","Kilolitres","195","units ","0","v72559","1.6.1","248493","","","","0"
"1956","Canada","","Ice cream","Per capita domestic disappearance","Litres","203","units ","0","v72565","1.6.2","15.45","","","","2"
"1957","Canada","","Total dairy products","Total domestic disappearance","Kilolitres","195","units ","0","v72554","1.1.1","7266994","","","","0"
"1957","Canada","","Total dairy products","Per capita domestic disappearance","Litres","203","units ","0","v72560","1.1.2","441.80","","","","2"
"1957","Canada","","Fluid products","Total domestic disappearance","Kilolitres","195","units ","0","v72555","1.2.1","2723374","","","","0"
"1957","Canada","","Fluid products","Per capita domestic disappearance","Litres","203","units ","0","v72561","1.2.2","168.26","","","","2"
"1957","Canada","","Butter","Total domestic disappearance","Kilolitres","195","units ","0","v72556","1.3.1","3445254","","","","0"
"1957","Canada","","Butter","Per capita domestic disappearance","Litres","203","units ","0","v72562","1.3.2","207.42","","","","2"
"1957","Canada","","Cheese","Total domestic disappearance","Kilolitres","195","units ","0","v72557","1.4.1","480568","","","","0"
"1957","Canada","","Cheese","Per capita domestic disappearance","Litres","203","units ","0","v72563","1.4.2","28.93","","","","2"
"1957","Canada","","Concentrated whole milk products","Total domestic disappearance","Kilolitres","195","units ","0","v72558","1.5.1","354807","","","","0"
"1957","Canada","","Concentrated whole milk products","Per capita domestic disappearance","Litres","203","units ","0","v72564","1.5.2","21.36","","","","2"
"1957","Canada","","Ice cream","Total domestic disappearance","Kilolitres","195","units ","0","v72559","1.6.1","262992","","","","0"
"1957","Canada","","Ice cream","Per capita domestic disappearance","Litres","203","units ","0","v72565","1.6.2","15.83","","","","2"
"1958","Canada","","Total dairy products","Total domestic disappearance","Kilolitres","195","units ","0","v72554","1.1.1","7178475","","","","0"
"1958","Canada","","Total dairy products","Per capita domestic disappearance","Litres","203","units ","0","v72560","1.1.2","424.41","","","","2"
"1958","Canada","","Fluid products","Total domestic disappearance","Kilolitres","195","units ","0","v72555","1.2.1","2716494","","","","0"
"1958","Canada","","Fluid products","Per capita domestic disappearance","Litres","203","units ","0","v72561","1.2.2","163.17","","","","2"
"1958","Canada","","Butter","Total domestic disappearance","Kilolitres","195","units ","0","v72556","1.3.1","3343365","","","","0"
"1958","Canada","","Butter","Per capita domestic disappearance","Litres","203","units ","0","v72562","1.3.2","195.75","","","","2"
"1958","Canada","","Cheese","Total domestic disappearance","Kilolitres","195","units ","0","v72557","1.4.1","497747","","","","0"
"1958","Canada","","Cheese","Per capita domestic disappearance","Litres","203","units ","0","v72563","1.4.2","29.14","","","","2"
"1958","Canada","","Concentrated whole milk products","Total domestic disappearance","Kilolitres","195","units ","0","v72558","1.5.1","347025","","","","0"
"1958","Canada","","Concentrated whole milk products","Per capita domestic disappearance","Litres","203","units ","0","v72564","1.5.2","20.32","","","","2"
"1958","Canada","","Ice cream","Total domestic disappearance","Kilolitres","195","units ","0","v72559","1.6.1","273843","","","","0"
"1958","Canada","","Ice cream","Per capita domestic disappearance","Litres","203","units ","0","v72565","1.6.2","16.03","","","","2"
"1959","Canada","","Total dairy products","Total domestic disappearance","Kilolitres","195","units ","0","v72554","1.1.1","7077043","","","","0"
"1959","Canada","","Total dairy products","Per capita domestic disappearance","Litres","203","units ","0","v72560","1.1.2","408.75","","","","2"
"1959","Canada","","Fluid products","Total domestic disappearance","Kilolitres","195","units ","0","v72555","1.2.1","2672710","","","","0"
"1959","Canada","","Fluid products","Per capita domestic disappearance","Litres","203","units ","0","v72561","1.2.2","156.83","","","","2"
"1959","Canada","","Butter","Total domestic disappearance","Kilolitres","195","units ","0","v72556","1.3.1","3237024","","","","0"
"1959","Canada","","Butter","Per capita domestic disappearance","Litres","203","units ","0","v72562","1.3.2","185.15","","","","2"
"1959","Canada","","Cheese","Total domestic disappearance","Kilolitres","195","units ","0","v72557","1.4.1","519458","","","","0"
"1959","Canada","","Cheese","Per capita domestic disappearance","Litres","203","units ","0","v72563","1.4.2","29.71","","","","2"
"1959","Canada","","Concentrated whole milk products","Total domestic disappearance","Kilolitres","195","units ","0","v72558","1.5.1","348163","","","","0"
"1959","Canada","","Concentrated whole milk products","Per capita domestic disappearance","Litres","203","units ","0","v72564","1.5.2","19.92","","","","2"
"1959","Canada","","Ice cream","Total domestic disappearance","Kilolitres","195","units ","0","v72559","1.6.1","299688","","","","0"
"1959","Canada","","Ice cream","Per capita domestic disappearance","Litres","203","units ","0","v72565","1.6.2","17.14","","","","2"
"1960","Canada","","Total dairy products","Total domestic disappearance","Kilolitres","195","units ","0","v72554","1.1.1","6966178","","","","0"
"1960","Canada","","Total dairy products","Per capita domestic disappearance","Litres","203","units ","0","v72560","1.1.2","393.65","","","","2"
"1960","Canada","","Fluid products","Total domestic disappearance","Kilolitres","195","units ","0","v72555","1.2.1","2654425","","","","0"
"1960","Canada","","Fluid products","Per capita domestic disappearance","Litres","203","units ","0","v72561","1.2.2","152.36","","","","2"
"1960","Canada","","Butter","Total domestic disappearance","Kilolitres","195","units ","0","v72556","1.3.1","3091335","","","","0"
"1960","Canada","","Butter","Per capita domestic disappearance","Litres","203","units ","0","v72562","1.3.2","172.99","","","","2"
"1960","Canada","","Cheese","Total domestic disappearance","Kilolitres","195","units ","0","v72557","1.4.1","546739","","","","0"
"1960","Canada","","Cheese","Per capita domestic disappearance","Litres","203","units ","0","v72563","1.4.2","30.59","","","","2"
"1960","Canada","","Concentrated whole milk products","Total domestic disappearance","Kilolitres","195","units ","0","v72558","1.5.1","366929","","","","0"
"1960","Canada","","Concentrated whole milk products","Per capita domestic disappearance","Litres","203","units ","0","v72564","1.5.2","20.53","","","","2"
"1960","Canada","","Ice cream","Total domestic disappearance","Kilolitres","195","units ","0","v72559","1.6.1","306750","","","","0"
"1960","Canada","","Ice cream","Per capita domestic disappearance","Litres","203","units ","0","v72565","1.6.2","17.17","","","","2"
"1961","Canada","","Total dairy products","Total domestic disappearance","Kilolitres","195","units ","0","v72554","1.1.1","6889406","","","","0"
"1961","Canada","","Total dairy products","Per capita domestic disappearance","Litres","203","units ","0","v72560","1.1.2","381.42","","","","2"
"1961","Canada","","Fluid products","Total domestic disappearance","Kilolitres","195","units ","0","v72555","1.2.1","2603127","","","","0"
"1961","Canada","","Fluid products","Per capita domestic disappearance","Litres","203","units ","0","v72561","1.2.2","146.41","","","","2"
"1961","Canada","","Butter","Total domestic disappearance","Kilolitres","195","units ","0","v72556","1.3.1","3061925","","","","0"
"1961","Canada","","Butter","Per capita domestic disappearance","Litres","203","units ","0","v72562","1.3.2","167.89","","","","2"
"1961","Canada","","Cheese","Total domestic disappearance","Kilolitres","195","units ","0","v72557","1.4.1","583284","","","","0"
"1961","Canada","","Cheese","Per capita domestic disappearance","Litres","203","units ","0","v72563","1.4.2","31.98","","","","2"
"1961","Canada","","Concentrated whole milk products","Total domestic disappearance","Kilolitres","195","units ","0","v72558","1.5.1","354718","","","","0"
"1961","Canada","","Concentrated whole milk products","Per capita domestic disappearance","Litres","203","units ","0","v72564","1.5.2","19.45","","","","2"
"1961","Canada","","Ice cream","Total domestic disappearance","Kilolitres","195","units ","0","v72559","1.6.1","286352","","","","0"
"1961","Canada","","Ice cream","Per capita domestic disappearance","Litres","203","units ","0","v72565","1.6.2","15.70","","","","2"
"1962","Canada","","Total dairy products","Total domestic disappearance","Kilolitres","195","units ","0","v72554","1.1.1","7228624","","","","0"
"1962","Canada","","Total dairy products","Per capita domestic disappearance","Litres","203","units ","0","v72560","1.1.2","392.61","","","","2"
"1962","Canada","","Fluid products","Total domestic disappearance","Kilolitres","195","units ","0","v72555","1.2.1","2602801","","","","0"
"1962","Canada","","Fluid products","Per capita domestic disappearance","Litres","203","units ","0","v72561","1.2.2","143.68","","","","2"
"1962","Canada","","Butter","Total domestic disappearance","Kilolitres","195","units ","0","v72556","1.3.1","3382929","","","","0"
"1962","Canada","","Butter","Per capita domestic disappearance","Litres","203","units ","0","v72562","1.3.2","182.04","","","","2"
"1962","Canada","","Cheese","Total domestic disappearance","Kilolitres","195","units ","0","v72557","1.4.1","643853","","","","0"
"1962","Canada","","Cheese","Per capita domestic disappearance","Litres","203","units ","0","v72563","1.4.2","34.65","","","","2"
"1962","Canada","","Concentrated whole milk products","Total domestic disappearance","Kilolitres","195","units ","0","v72558","1.5.1","362895","","","","0"
"1962","Canada","","Concentrated whole milk products","Per capita domestic disappearance","Litres","203","units ","0","v72564","1.5.2","19.53","","","","2"
"1962","Canada","","Ice cream","Total domestic disappearance","Kilolitres","195","units ","0","v72559","1.6.1","236145","","","","0"
"1962","Canada","","Ice cream","Per capita domestic disappearance","Litres","203","units ","0","v72565","1.6.2","12.71","","","","2"
"1963","Canada","","Total dairy products","Total domestic disappearance","Kilolitres","195","units ","0","v72554","1.1.1","7582375","","","","0"
"1963","Canada","","Total dairy products","Per capita domestic disappearance","Litres","203","units ","0","v72560","1.1.2","403.41","","","","2"
"1963","Canada","","Fluid products","Total domestic disappearance","Kilolitres","195","units ","0","v72555","1.2.1","2627980","","","","0"
"1963","Canada","","Fluid products","Per capita domestic disappearance","Litres","203","units ","0","v72561","1.2.2","142.15","","","","2"
"1963","Canada","","Butter","Total domestic disappearance","Kilolitres","195","units ","0","v72556","1.3.1","3684677","","","","0"
"1963","Canada","","Butter","Per capita domestic disappearance","Litres","203","units ","0","v72562","1.3.2","194.30","","","","2"
"1963","Canada","","Cheese","Total domestic disappearance","Kilolitres","195","units ","0","v72557","1.4.1","676133","","","","0"
"1963","Canada","","Cheese","Per capita domestic disappearance","Litres","203","units ","0","v72563","1.4.2","35.65","","","","2"
"1963","Canada","","Concentrated whole milk products","Total domestic disappearance","Kilolitres","195","units ","0","v72558","1.5.1","373630","","","","0"
"1963","Canada","","Concentrated whole milk products","Per capita domestic disappearance","Litres","203","units ","0","v72564","1.5.2","19.70","","","","2"
"1963","Canada","","Ice cream","Total domestic disappearance","Kilolitres","195","units ","0","v72559","1.6.1","219955","","","","0"
"1963","Canada","","Ice cream","Per capita domestic disappearance","Litres","203","units ","0","v72565","1.6.2","11.60","","","","2"
"1964","Canada","","Total dairy products","Total domestic disappearance","Kilolitres","195","units ","0","v72554","1.1.1","7688232","","","","0"
"1964","Canada","","Total dairy products","Per capita domestic disappearance","Litres","203","units ","0","v72560","1.1.2","401.37","","","","2"
"1964","Canada","","Fluid products","Total domestic disappearance","Kilolitres","195","units ","0","v72555","1.2.1","2660849","","","","0"
"1964","Canada","","Fluid products","Per capita domestic disappearance","Litres","203","units ","0","v72561","1.2.2","141.23","","","","2"
"1964","Canada","","Butter","Total domestic disappearance","Kilolitres","195","units ","0","v72556","1.3.1","3734023","","","","0"
"1964","Canada","","Butter","Per capita domestic disappearance","Litres","203","units ","0","v72562","1.3.2","193.22","","","","2"
"1964","Canada","","Cheese","Total domestic disappearance","Kilolitres","195","units ","0","v72557","1.4.1","716637","","","","0"
"1964","Canada","","Cheese","Per capita domestic disappearance","Litres","203","units ","0","v72563","1.4.2","37.08","","","","2"
"1964","Canada","","Concentrated whole milk products","Total domestic disappearance","Kilolitres","195","units ","0","v72558","1.5.1","360900","","","","0"
"1964","Canada","","Concentrated whole milk products","Per capita domestic disappearance","Litres","203","units ","0","v72564","1.5.2","18.67","","","","2"
"1964","Canada","","Ice cream","Total domestic disappearance","Kilolitres","195","units ","0","v72559","1.6.1","215823","","","","0"
"1964","Canada","","Ice cream","Per capita domestic disappearance","Litres","203","units ","0","v72565","1.6.2","11.17","","","","2"
"1965","Canada","","Total dairy products","Total domestic disappearance","Kilolitres","195","units ","0","v72554","1.1.1","7754470","","","","0"
"1965","Canada","","Total dairy products","Per capita domestic disappearance","Litres","203","units ","0","v72560","1.1.2","397.53","","","","2"
"1965","Canada","","Fluid products","Total domestic disappearance","Kilolitres","195","units ","0","v72555","1.2.1","2679129","","","","0"
"1965","Canada","","Fluid products","Per capita domestic disappearance","Litres","203","units ","0","v72561","1.2.2","139.61","","","","2"
"1965","Canada","","Butter","Total domestic disappearance","Kilolitres","195","units ","0","v72556","1.3.1","3710426","","","","0"
"1965","Canada","","Butter","Per capita domestic disappearance","Litres","203","units ","0","v72562","1.3.2","188.56","","","","2"
"1965","Canada","","Cheese","Total domestic disappearance","Kilolitres","195","units ","0","v72557","1.4.1","768087","","","","0"
"1965","Canada","","Cheese","Per capita domestic disappearance","Litres","203","units ","0","v72563","1.4.2","39.03","","","","2"
"1965","Canada","","Concentrated whole milk products","Total domestic disappearance","Kilolitres","195","units ","0","v72558","1.5.1","360178","","","","0"
"1965","Canada","","Concentrated whole milk products","Per capita domestic disappearance","Litres","203","units ","0","v72564","1.5.2","18.30","","","","2"
"1965","Canada","","Ice cream","Total domestic disappearance","Kilolitres","195","units ","0","v72559","1.6.1","236649","","","","0"
"1965","Canada","","Ice cream","Per capita domestic disappearance","Litres","203","units ","0","v72565","1.6.2","12.03","","","","2"
"1966","Canada","","Total dairy products","Total domestic disappearance","Kilolitres","195","units ","0","v72554","1.1.1","7669611","","","","0"
"1966","Canada","","Total dairy products","Per capita domestic disappearance","Litres","203","units ","0","v72560","1.1.2","385.86","","","","2"
"1966","Canada","","Fluid products","Total domestic disappearance","Kilolitres","195","units ","0","v72555","1.2.1","2638823","","","","0"
"1966","Canada","","Fluid products","Per capita domestic disappearance","Litres","203","units ","0","v72561","1.2.2","134.95","","","","2"
"1966","Canada","","Butter","Total domestic disappearance","Kilolitres","195","units ","0","v72556","1.3.1","3619589","","","","0"
"1966","Canada","","Butter","Per capita domestic disappearance","Litres","203","units ","0","v72562","1.3.2","180.53","","","","2"
"1966","Canada","","Cheese","Total domestic disappearance","Kilolitres","195","units ","0","v72557","1.4.1","780193","","","","0"
"1966","Canada","","Cheese","Per capita domestic disappearance","Litres","203","units ","0","v72563","1.4.2","38.91","","","","2"
"1966","Canada","","Concentrated whole milk products","Total domestic disappearance","Kilolitres","195","units ","0","v72558","1.5.1","350607","","","","0"
"1966","Canada","","Concentrated whole milk products","Per capita domestic disappearance","Litres","203","units ","0","v72564","1.5.2","17.48","","","","2"
"1966","Canada","","Ice cream","Total domestic disappearance","Kilolitres","195","units ","0","v72559","1.6.1","280399","","","","0"
"1966","Canada","","Ice cream","Per capita domestic disappearance","Litres","203","units ","0","v72565","1.6.2","13.99","","","","2"
"1967","Canada","","Total dairy products","Total domestic disappearance","Kilolitres","195","units ","0","v72554","1.1.1","7631085","","","","0"
"1967","Canada","","Total dairy products","Per capita domestic disappearance","Litres","203","units ","0","v72560","1.1.2","376.69","","","","2"
"1967","Canada","","Fluid products","Total domestic disappearance","Kilolitres","195","units ","0","v72555","1.2.1","2590339","","","","0"
"1967","Canada","","Fluid products","Per capita domestic disappearance","Litres","203","units ","0","v72561","1.2.2","130.09","","","","2"
"1967","Canada","","Butter","Total domestic disappearance","Kilolitres","195","units ","0","v72556","1.3.1","3506362","","","","0"
"1967","Canada","","Butter","Per capita domestic disappearance","Litres","203","units ","0","v72562","1.3.2","171.53","","","","2"
"1967","Canada","","Cheese","Total domestic disappearance","Kilolitres","195","units ","0","v72557","1.4.1","859959","","","","0"
"1967","Canada","","Cheese","Per capita domestic disappearance","Litres","203","units ","0","v72563","1.4.2","42.07","","","","2"
"1967","Canada","","Concentrated whole milk products","Total domestic disappearance","Kilolitres","195","units ","0","v72558","1.5.1","350018","","","","0"
"1967","Canada","","Concentrated whole milk products","Per capita domestic disappearance","Litres","203","units ","0","v72564","1.5.2","17.12","","","","2"
"1967","Canada","","Ice cream","Total domestic disappearance","Kilolitres","195","units ","0","v72559","1.6.1","324406","","","","0"
"1967","Canada","","Ice cream","Per capita domestic disappearance","Litres","203","units ","0","v72565","1.6.2","15.87","","","","2"
"1968","Canada","","Total dairy products","Total domestic disappearance","Kilolitres","195","units ","0","v72554","1.1.1","7591766","","","","0"
"1968","Canada","","Total dairy products","Per capita domestic disappearance","Litres","203","units ","0","v72560","1.1.2","368.80","","","","2"
"1968","Canada","","Fluid products","Total domestic disappearance","Kilolitres","195","units ","0","v72555","1.2.1","2538524","","","","0"
"1968","Canada","","Fluid products","Per capita domestic disappearance","Litres","203","units ","0","v72561","1.2.2","125.53","","","","2"
"1968","Canada","","Butter","Total domestic disappearance","Kilolitres","195","units ","0","v72556","1.3.1","3465179","","","","0"
"1968","Canada","","Butter","Per capita domestic disappearance","Litres","203","units ","0","v72562","1.3.2","166.82","","","","2"
"1968","Canada","","Cheese","Total domestic disappearance","Kilolitres","195","units ","0","v72557","1.4.1","921841","","","","0"
"1968","Canada","","Cheese","Per capita domestic disappearance","Litres","203","units ","0","v72563","1.4.2","44.38","","","","2"
"1968","Canada","","Concentrated whole milk products","Total domestic disappearance","Kilolitres","195","units ","0","v72558","1.5.1","338968","","","","0"
"1968","Canada","","Concentrated whole milk products","Per capita domestic disappearance","Litres","203","units ","0","v72564","1.5.2","16.32","","","","2"
"1968","Canada","","Ice cream","Total domestic disappearance","Kilolitres","195","units ","0","v72559","1.6.1","327254","","","","0"
"1968","Canada","","Ice cream","Per capita domestic disappearance","Litres","203","units ","0","v72565","1.6.2","15.75","","","","2"
"1969","Canada","","Total dairy products","Total domestic disappearance","Kilolitres","195","units ","0","v72554","1.1.1","7537133","","","","0"
"1969","Canada","","Total dairy products","Per capita domestic disappearance","Litres","203","units ","0","v72560","1.1.2","360.72","","","","2"
"1969","Canada","","Fluid products","Total domestic disappearance","Kilolitres","195","units ","0","v72555","1.2.1","2496203","","","","0"
"1969","Canada","","Fluid products","Per capita domestic disappearance","Litres","203","units ","0","v72561","1.2.2","121.69","","","","2"
"1969","Canada","","Butter","Total domestic disappearance","Kilolitres","195","units ","0","v72556","1.3.1","3355138","","","","0"
"1969","Canada","","Butter","Per capita domestic disappearance","Litres","203","units ","0","v72562","1.3.2","159.09","","","","2"
"1969","Canada","","Cheese","Total domestic disappearance","Kilolitres","195","units ","0","v72557","1.4.1","1020620","","","","0"
"1969","Canada","","Cheese","Per capita domestic disappearance","Litres","203","units ","0","v72563","1.4.2","48.40","","","","2"
"1969","Canada","","Concentrated whole milk products","Total domestic disappearance","Kilolitres","195","units ","0","v72558","1.5.1","314282","","","","0"
"1969","Canada","","Concentrated whole milk products","Per capita domestic disappearance","Litres","203","units ","0","v72564","1.5.2","14.90","","","","2"
"1969","Canada","","Ice cream","Total domestic disappearance","Kilolitres","195","units ","0","v72559","1.6.1","350890","","","","0"
"1969","Canada","","Ice cream","Per capita domestic disappearance","Litres","203","units ","0","v72565","1.6.2","16.64","","","","2"
"1970","Canada","","Total dairy products","Total domestic disappearance","Kilolitres","195","units ","0","v72554","1.1.1","7689032","","","","0"
"1970","Canada","","Total dairy products","Per capita domestic disappearance","Litres","203","units ","0","v72560","1.1.2","362.58","","","","2"
"1970","Canada","","Fluid products","Total domestic disappearance","Kilolitres","195","units ","0","v72555","1.2.1","2513114","","","","0"
"1970","Canada","","Fluid products","Per capita domestic disappearance","Litres","203","units ","0","v72561","1.2.2","120.79","","","","2"
"1970","Canada","","Butter","Total domestic disappearance","Kilolitres","195","units ","0","v72556","1.3.1","3408504","","","","0"
"1970","Canada","","Butter","Per capita domestic disappearance","Litres","203","units ","0","v72562","1.3.2","159.23","","","","2"
"1970","Canada","","Cheese","Total domestic disappearance","Kilolitres","195","units ","0","v72557","1.4.1","1106435","","","","0"
"1970","Canada","","Cheese","Per capita domestic disappearance","Litres","203","units ","0","v72563","1.4.2","51.69","","","","2"
"1970","Canada","","Concentrated whole milk products","Total domestic disappearance","Kilolitres","195","units ","0","v72558","1.5.1","293190","","","","0"
"1970","Canada","","Concentrated whole milk products","Per capita domestic disappearance","Litres","203","units ","0","v72564","1.5.2","13.70","","","","2"
"1970","Canada","","Ice cream","Total domestic disappearance","Kilolitres","195","units ","0","v72559","1.6.1","367789","","","","0"
"1970","Canada","","Ice cream","Per capita domestic disappearance","Litres","203","units ","0","v72565","1.6.2","17.18","","","","2"
"1971","Canada","","Total dairy products","Total domestic disappearance","Kilolitres","195","units ","0","v72554","1.1.1","7788434","","","","0"
"1971","Canada","","Total dairy products","Per capita domestic disappearance","Litres","203","units ","0","v72560","1.1.2","360.67","","","","2"
"1971","Canada","","Fluid products","Total domestic disappearance","Kilolitres","195","units ","0","v72555","1.2.1","2521442","","","","0"
"1971","Canada","","Fluid products","Per capita domestic disappearance","Litres","203","units ","0","v72561","1.2.2","116.78","","","","2"
"1971","Canada","","Butter","Total domestic disappearance","Kilolitres","195","units ","0","v72556","1.3.1","3413174","","","","0"
"1971","Canada","","Butter","Per capita domestic disappearance","Litres","203","units ","0","v72562","1.3.2","158.05","","","","2"
"1971","Canada","","Cheese","Total domestic disappearance","Kilolitres","195","units ","0","v72557","1.4.1","1187763","","","","0"
"1971","Canada","","Cheese","Per capita domestic disappearance","Litres","203","units ","0","v72563","1.4.2","55.00","","","","2"
"1971","Canada","","Concentrated whole milk products","Total domestic disappearance","Kilolitres","195","units ","0","v72558","1.5.1","292049","","","","0"
"1971","Canada","","Concentrated whole milk products","Per capita domestic disappearance","Litres","203","units ","0","v72564","1.5.2","13.52","","","","2"
"1971","Canada","","Ice cream","Total domestic disappearance","Kilolitres","195","units ","0","v72559","1.6.1","374007","","","","0"
"1971","Canada","","Ice cream","Per capita domestic disappearance","Litres","203","units ","0","v72565","1.6.2","17.32","","","","2"
"1972","Canada","","Total dairy products","Total domestic disappearance","Kilolitres","195","units ","0","v72554","1.1.1","7784277","","","","0"
"1972","Canada","","Total dairy products","Per capita domestic disappearance","Litres","203","units ","0","v72560","1.1.2","356.69","","","","2"
"1972","Canada","","Fluid products","Total domestic disappearance","Kilolitres","195","units ","0","v72555","1.2.1","2573814","","","","0"
"1972","Canada","","Fluid products","Per capita domestic disappearance","Litres","203","units ","0","v72561","1.2.2","117.95","","","","2"
"1972","Canada","","Butter","Total domestic disappearance","Kilolitres","195","units ","0","v72556","1.3.1","3288545","","","","0"
"1972","Canada","","Butter","Per capita domestic disappearance","Litres","203","units ","0","v72562","1.3.2","150.70","","","","2"
"1972","Canada","","Cheese","Total domestic disappearance","Kilolitres","195","units ","0","v72557","1.4.1","1248648","","","","0"
"1972","Canada","","Cheese","Per capita domestic disappearance","Litres","203","units ","0","v72563","1.4.2","57.22","","","","2"
"1972","Canada","","Concentrated whole milk products","Total domestic disappearance","Kilolitres","195","units ","0","v72558","1.5.1","281563","","","","0"
"1972","Canada","","Concentrated whole milk products","Per capita domestic disappearance","Litres","203","units ","0","v72564","1.5.2","12.90","","","","2"
"1972","Canada","","Ice cream","Total domestic disappearance","Kilolitres","195","units ","0","v72559","1.6.1","391707","","","","0"
"1972","Canada","","Ice cream","Per capita domestic disappearance","Litres","203","units ","0","v72565","1.6.2","17.93","","","","2"
"1973","Canada","","Total dairy products","Total domestic disappearance","Kilolitres","195","units ","0","v72554","1.1.1","7713416","","","","0"
"1973","Canada","","Total dairy products","Per capita domestic disappearance","Litres","203","units ","0","v72560","1.1.2","349.42","","","","2"
"1973","Canada","","Fluid products","Total domestic disappearance","Kilolitres","195","units ","0","v72555","1.2.1","2609624","","","","0"
"1973","Canada","","Fluid products","Per capita domestic disappearance","Litres","203","units ","0","v72561","1.2.2","118.23","","","","2"
"1973","Canada","","Butter","Total domestic disappearance","Kilolitres","195","units ","0","v72556","1.3.1","3040587","","","","0"
"1973","Canada","","Butter","Per capita domestic disappearance","Litres","203","units ","0","v72562","1.3.2","137.76","","","","2"
"1973","Canada","","Cheese","Total domestic disappearance","Kilolitres","195","units ","0","v72557","1.4.1","1389685","","","","0"
"1973","Canada","","Cheese","Per capita domestic disappearance","Litres","203","units ","0","v72563","1.4.2","62.96","","","","2"
"1973","Canada","","Concentrated whole milk products","Total domestic disappearance","Kilolitres","195","units ","0","v72558","1.5.1","275567","","","","0"
"1973","Canada","","Concentrated whole milk products","Per capita domestic disappearance","Litres","203","units ","0","v72564","1.5.2","12.48","","","","2"
"1973","Canada","","Ice cream","Total domestic disappearance","Kilolitres","195","units ","0","v72559","1.6.1","397954","","","","0"
"1973","Canada","","Ice cream","Per capita domestic disappearance","Litres","203","units ","0","v72565","1.6.2","17.99","","","","2"
"1974","Canada","","Total dairy products","Total domestic disappearance","Kilolitres","195","units ","0","v72554","1.1.1","1240","","","","0"
"1974","Canada","","Total dairy products","Per capita domestic disappearance","Litres","203","units ","0","v72560","1.1.2","350.38","","","","2"
"1974","Canada","","Fluid products","Total domestic disappearance","Kilolitres","195","units ","0","v72555","1.2.1","2637165","","","","0"
"1974","Canada","","Fluid products","Per capita domestic disappearance","Litres","203","units ","0","v72561","1.2.2","117.76","","","","2"
"1974","Canada","","Butter","Total domestic disappearance","Kilolitres","195","units ","0","v72556","1.3.1","2996106","","","","0"
"1974","Canada","","Butter","Per capita domestic disappearance","Litres","203","units ","0","v72562","1.3.2","133.78","","","","2"
"1974","Canada","","Cheese","Total domestic disappearance","Kilolitres","195","units ","0","v72557","1.4.1","1563060","","","","0"
"1974","Canada","","Cheese","Per capita domestic disappearance","Litres","203","units ","0","v72563","1.4.2","69.79","","","","2"
"1974","Canada","","Concentrated whole milk products","Total domestic disappearance","Kilolitres","195","units ","0","v72558","1.5.1","254608","","","","0"
"1974","Canada","","Concentrated whole milk products","Per capita domestic disappearance","Litres","203","units ","0","v72564","1.5.2","11.37","","","","2"
"1974","Canada","","Ice cream","Total domestic disappearance","Kilolitres","195","units ","0","v72559","1.6.1","397423","","","","0"
"1974","Canada","","Ice cream","Per capita domestic disappearance","Litres","203","units ","0","v72565","1.6.2","17.68","","","","2"
"1975","Canada","","Total dairy products","Total domestic disappearance","Kilolitres","195","units ","0","v72554","1.1.1","1264","","","","0"
"1975","Canada","","Total dairy products","Per capita domestic disappearance","Litres","203","units ","0","v72560","1.1.2","330.56","","","","2"
"1975","Canada","","Fluid products","Total domestic disappearance","Kilolitres","195","units ","0","v72555","1.2.1","2572833","","","","0"
"1975","Canada","","Fluid products","Per capita domestic disappearance","Litres","203","units ","0","v72561","1.2.2","113.20","","","","2"
"1975","Canada","","Butter","Total domestic disappearance","Kilolitres","195","units ","0","v72556","1.3.1","2722923","","","","0"
"1975","Canada","","Butter","Per capita domestic disappearance","Litres","203","units ","0","v72562","1.3.2","119.81","","","","2"
"1975","Canada","","Cheese","Total domestic disappearance","Kilolitres","195","units ","0","v72557","1.4.1","1563930","","","","0"
"1975","Canada","","Cheese","Per capita domestic disappearance","Litres","203","units ","0","v72563","1.4.2","68.81","","","","2"
"1975","Canada","","Concentrated whole milk products","Total domestic disappearance","Kilolitres","195","units ","0","v72558","1.5.1","237864","","","","0"
"1975","Canada","","Concentrated whole milk products","Per capita domestic disappearance","Litres","203","units ","0","v72564","1.5.2","10.47","","","","2"
"1975","Canada","","Ice cream","Total domestic disappearance","Kilolitres","195","units ","0","v72559","1.6.1","412985","","","","0"
"1975","Canada","","Ice cream","Per capita domestic disappearance","Litres","203","units ","0","v72565","1.6.2","18.26","","","","2"
"1976","Canada","","Total dairy products","Total domestic disappearance","Kilolitres","195","units ","0","v72554","1.1.1","1214","","","","0"
"1976","Canada","","Total dairy products","Per capita domestic disappearance","Litres","203","units ","0","v72560","1.1.2","327.21","","","","2"
"1976","Canada","","Fluid products","Total domestic disappearance","Kilolitres","195","units ","0","v72555","1.2.1","2649419","","","","0"
"1976","Canada","","Fluid products","Per capita domestic disappearance","Litres","203","units ","0","v72561","1.2.2","115.07","","","","2"
"1976","Canada","","Butter","Total domestic disappearance","Kilolitres","195","units ","0","v72556","1.3.1","2658475","","","","0"
"1976","Canada","","Butter","Per capita domestic disappearance","Litres","203","units ","0","v72562","1.3.2","115.46","","","","2"
"1976","Canada","","Cheese","Total domestic disappearance","Kilolitres","195","units ","0","v72557","1.4.1","1574798","","","","0"
"1976","Canada","","Cheese","Per capita domestic disappearance","Litres","203","units ","0","v72563","1.4.2","68.40","","","","2"
"1976","Canada","","Concentrated whole milk products","Total domestic disappearance","Kilolitres","195","units ","0","v72558","1.5.1","239346","","","","0"
"1976","Canada","","Concentrated whole milk products","Per capita domestic disappearance","Litres","203","units ","0","v72564","1.5.2","10.40","","","","2"
"1976","Canada","","Ice cream","Total domestic disappearance","Kilolitres","195","units ","0","v72559","1.6.1","409769","","","","0"
"1976","Canada","","Ice cream","Per capita domestic disappearance","Litres","203","units ","0","v72565","1.6.2","17.89","","","","2"
"1977","Canada","","Total dairy products","Total domestic disappearance","Kilolitres","195","units ","0","v72554","1.1.1","1254","","","","0"
"1977","Canada","","Total dairy products","Per capita domestic disappearance","Litres","203","units ","0","v72560","1.1.2","317.99","","","","2"
"1977","Canada","","Fluid products","Total domestic disappearance","Kilolitres","195","units ","0","v72555","1.2.1","2673996","","","","0"
"1977","Canada","","Fluid products","Per capita domestic disappearance","Litres","203","units ","0","v72561","1.2.2","114.68","","","","2"
"1977","Canada","","Butter","Total domestic disappearance","Kilolitres","195","units ","0","v72556","1.3.1","2402455","","","","0"
"1977","Canada","","Butter","Per capita domestic disappearance","Litres","203","units ","0","v72562","1.3.2","103.04","","","","2"
"1977","Canada","","Cheese","Total domestic disappearance","Kilolitres","195","units ","0","v72557","1.4.1","1627131","","","","0"
"1977","Canada","","Cheese","Per capita domestic disappearance","Litres","203","units ","0","v72563","1.4.2","69.78","","","","2"
"1977","Canada","","Concentrated whole milk products","Total domestic disappearance","Kilolitres","195","units ","0","v72558","1.5.1","272346","","","","0"
"1977","Canada","","Concentrated whole milk products","Per capita domestic disappearance","Litres","203","units ","0","v72564","1.5.2","11.68","","","","2"
"1977","Canada","","Ice cream","Total domestic disappearance","Kilolitres","195","units ","0","v72559","1.6.1","436170","","","","0"
"1977","Canada","","Ice cream","Per capita domestic disappearance","Litres","203","units ","0","v72565","1.6.2","18.81","","","","2"
